[
	{
		"inputs": [
			{
				"internalType": "address",
				"name": "_tokenAddress",
				"type": "address"
			}
		],
		"stateMutability": "nonpayable",
		"type": "constructor"
	},
	{
		"anonymous": false,
		"inputs": [
			{
				"indexed": false,
				"internalType": "uint256",
				"name": "id",
				"type": "uint256"
			},
			{
				"indexed": false,
				"internalType": "string",
				"name": "title",
				"type": "string"
			},
			{
				"indexed": false,
				"internalType": "uint256",
				"name": "goal",
				"type": "uint256"
			},
			{
				"indexed": false,
				"internalType": "uint256",
				"name": "deadline",
				"type": "uint256"
			}
		],
		"name": "CampaignCreated",
		"type": "event"
	},
	{
		"anonymous": false,
		"inputs": [
			{
				"indexed": false,
				"internalType": "uint256",
				"name": "id",
				"type": "uint256"
			},
			{
				"indexed": false,
				"internalType": "bool",
				"name": "success",
				"type": "bool"
			}
		],
		"name": "CampaignFinalized",
		"type": "event"
	},
	{
		"anonymous": false,
		"inputs": [
			{
				"indexed": false,
				"internalType": "uint256",
				"name": "campaignId",
				"type": "uint256"
			},
			{
				"indexed": false,
				"internalType": "address",
				"name": "contributor",
				"type": "address"
			},
			{
				"indexed": false,
				"internalType": "uint256",
				"name": "amount",
				"type": "uint256"
			}
		],
		"name": "ContributionMade",
		"type": "event"
	},
	{
		"inputs": [],
		"name": "campaignCount",
		"outputs": [
			{
				"internalType": "uint256",
				"name": "",
				"type": "uint256"
			}
		],
		"stateMutability": "view",
		"type": "function"
	},
	{
		"inputs": [
			{
				"internalType": "uint256",
				"name": "",
				"type": "uint256"
			}
		],
		"name": "campaigns",
		"outputs": [
			{
				"internalType": "address",
				"name": "creator",
				"type": "address"
			},
			{
				"internalType": "string",
				"name": "title",
				"type": "string"
			},
			{
				"internalType": "uint256",
				"name": "goal",
				"type": "uint256"
			},
			{
				"internalType": "uint256",
				"name": "deadline",
				"type": "uint256"
			},
			{
				"internalType": "uint256",
				"name": "totalFunded",
				"type": "uint256"
			},
			{
				"internalType": "bool",
				"name": "finalized",
				"type": "bool"
			},
			{
				"internalType": "bool",
				"name": "success",
				"type": "bool"
			}
		],
		"stateMutability": "view",
		"type": "function"
	},
	{
		"inputs": [
			{
				"internalType": "uint256",
				"name": "_campaignId",
				"type": "uint256"
			}
		],
		"name": "contribute",
		"outputs": [],
		"stateMutability": "payable",
		"type": "function"
	},
	{
		"inputs": [
			{
				"internalType": "uint256",
				"name": "",
				"type": "uint256"
			},
			{
				"internalType": "address",
				"name": "",
				"type": "address"
			}
		],
		"name": "contributions",
		"outputs": [
			{
				"internalType": "uint256",
				"name": "",
				"type": "uint256"
			}
		],
		"stateMutability": "view",
		"type": "function"
	},
	{
		"inputs": [
			{
				"internalType": "string",
				"name": "_title",
				"type": "string"
			},
			{
				"internalType": "uint256",
				"name": "_goal",
				"type": "uint256"
			},
			{
				"internalType": "uint256",
				"name": "_durationDays",
				"type": "uint256"
			}
		],
		"name": "createCampaign",
		"outputs": [],
		"stateMutability": "nonpayable",
		"type": "function"
	},
	{
		"inputs": [
			{
				"internalType": "uint256",
				"name": "_campaignId",
				"type": "uint256"
			}
		],
		"name": "finalize",
		"outputs": [],
		"stateMutability": "nonpayable",
		"type": "function"
	},
	{
		"inputs": [],
		"name": "rewardToken",
		"outputs": [
			{
				"internalType": "contract ICourseToken",
				"name": "",
				"type": "address"
			}
		],
		"stateMutability": "view",
		"type": "function"
	}
]